<?xml version="1.0" encoding="UTF-8"?>
<project-private xmlns="http://www.netbeans.org/ns/project-private/1">
    <editor-bookmarks xmlns="http://www.netbeans.org/ns/editor-bookmarks/2" lastBookmarkId="0"/>
    <open-files xmlns="http://www.netbeans.org/ns/projectui-open-files/2">
        <group>
            <file>file:/Users/ajneya/Desktop/Desktop/Java/Assignment%204/src/main/InventoryManager.java</file>
            <file>file:/Users/ajneya/Desktop/Desktop/Java/Assignment%204/src/main/IM_View_Suppliers.java</file>
            <file>file:/Users/ajneya/Desktop/Desktop/Java/Assignment%204/src/main/IM_View_Item.java</file>
            <file>file:/Users/ajneya/Desktop/Desktop/Java/Assignment%204/src/main/IM_Dashboard.java</file>
            <file>file:/Users/ajneya/Desktop/Desktop/Java/Assignment%204/src/main/IM_Add_Supplier.java</file>
            <file>file:/Users/ajneya/Desktop/Desktop/Java/Assignment%204/src/main/IM_Edit_Item.java</file>
            <file>file:/Users/ajneya/Desktop/Desktop/Java/Assignment%204/src/main/FM_PO_Status.java</file>
        </group>
    </open-files>
</project-private>
